{
  "mean": 0.5078379387517672,
  "std": 0.2550236315067531,
  "num_pixels": 59528448
}